Name,page,Category,Paper 1,paper_1_link,Paper 2,paper_2_link
"Airlshire, Jennifer",https://gero.usc.edu/faculty/ailshire/,"Migration, environment, economic demography",Fine particulate matter air pollution and cognitive function among older US adults,https://doi.org/10.1093/aje/kwu155,Family relationships and troubled sleep among US adults: examining the influences of contact frequency and relationship quality,https://doi.org/10.1177/0022146512446642
"Alkema, Leontine",https://leontinealkema.github.io/alkema_lab/,"Mathematical, statistical, digital demography, population projection",Probabilistic Projections of the Total Fertility Rate for All Countries,https://link.springer.com/content/pdf/10.1007/s13524-011-0040-5.pdf,Global estimation of child mortality using a Bayesian B-spline bias-reduction model,https://www.jstor.org/stable/24522377?seq=1#metadata_info_tab_contents
"Allen, Liz",https://researchers.anu.edu.au/researchers/allen-e,"Mortality, health, aging, biodemography",The Future of Us,https://www.bookdepository.com/Future-Us-Liz-Allen/9781742236506,Post-separation patterns of children's overnight stays with each parent: A detailed snapshot,https://www.tandfonline.com/doi/abs/10.5172/jfs.2012.18.2-3.202
"Amaral, Luciana Luz do",http://somos.ufmg.br/professor/luciana-soares-luz-do-amaral,Fertility,Bridging user and provider perspectives: Family planning access and utilization in rural Mozambique,https://www.ncbi.nlm.nih.gov/pmc/articles/PMC4609646/,Women’s decision-making autonomy and children’s schooling in rural Mozambique,https://pubmed.ncbi.nlm.nih.gov/26491400/
"Augustine, Jennifer",https://www.sc.edu/study/colleges_schools/artsandsciences/sociology/our_people/faculty_staff_directory/augustine_jennifer.php,"Family, social demography","Doing it All? Mothers’ College Enrollment, Time Use, and Affective Well-Being",https://onlinelibrary.wiley.com/doi/abs/10.1111/jomf.12477,Can Increased Educational Attainment among Lower Educated Mothers Reduce Inequalities in the Skill Development of Children? ,https://link.springer.com/article/10.1007/s13524-017-0637-4
"Bachrach, Christine",https://www.popcenter.umd.edu/mprc-associates/chrisbachrach,"Family, social demography",A Cognitive-Social Model of Fertility Intentions,https://www.ncbi.nlm.nih.gov/pmc/articles/PMC4132897/,Culture and Demography: From Reluctant Bedfellows to Committed Partners,https://link.springer.com/content/pdf/10.1007/s13524-013-0257-6.pdf
"Barbi, Elisabetta",https://www.dss.uniroma1.it/it/dipartimento/persone/barbi-elisabetta,"Mortality, health, aging, biodemography",The plateau of human mortality: Demography of longevity pioneers,https://science.sciencemag.org/content/360/6396/1459.full?ijkey=7YwUWtPpfqk9A&keytype=ref&siteid=sci,Response to Comment on “The plateau of human mortality: Demography of longevity pioneers”,https://doi.org/10.1126/science.aav3229
"Barbieri, Magali",https://www.site.demog.berkeley.edu/barbieri-profile-page,"Mortality, health, aging, biodemography",The contribution of drug-related deaths to the US disadvantage in mortality,https://academic.oup.com/ije/article-abstract/48/3/945/5265302,Data Resource Profile: The Human Mortality Database (HMD) ,HMD ]https://academic.oup.com/ije/article/44/5/1549/2594557
"Basu, Alaka",https://devsoc.cals.cornell.edu/people/alaka-basu/,"Family, social demography",The Sociocultural and Political Aspects of Abortion: Global Perspectives,https://books.google.ca/books?hl=en&lr=&id=YNY8NqdsA6UC&oi=fnd&pg=PP13&dq=The+Social+and+Political+Context+of+Abortion+basu&ots=l1t2WhWdmL&sig=BvGr6jpvoh7caAVlUrHs3nRRC4E#v=onepage&q=The%20Social%20and%20Political%20Context%20of%20Abortion%20basu&f=false,"Conditioning Factors for Fertility Decline in Bengal: History, Language Identity, and Openness to Innovations",https://onlinelibrary.wiley.com/doi/abs/10.1111/j.1728-4457.2000.00761.x
"Baudisch, Annette",https://portal.findresearcher.sdu.dk/en/persons/baudisch,"Mortality, health, aging, biodemography",Hamilton's indicators of the force of selection,https://www.pnas.org/content/102/23/8263.short,Getting to the Root of Aging,https://science.sciencemag.org/content/338/6107/618.summary
"Beaujouan, Eva",http://www.wittgensteincentre.org/en/staff/member/beaujouan.htm,Fertility,"Repartnering in France: The role of gender, age and past fertility",https://www.sciencedirect.com/science/article/abs/pii/S1040260812000184,Cohabitation and marriage in Britain since the 1970s,https://link.springer.com/article/10.1057/pt.2011.16
"Behrman, Julia",https://www.sociology.northwestern.edu/people/faculty/core/julia-behrman.html,"Family, social demography",Do Targeted Stipend Programs Reduce Gender and Socioeconomic Inequalities in Schooling Attainment? Insights From Rural Bangladesh,https://link.springer.com/article/10.1007/s13524-015-0435-9,Contextual Declines in Educational Hypergamy and Intimate Partner Violence,https://academic.oup.com/sf/article-abstract/97/3/1257/5078440
"Bernard, Aude",https://sees.uq.edu.au/profile/10064/aude-bernard,"Migration, environment, economic demography",Life‐course transitions and the age profile of internal migration,https://onlinelibrary.wiley.com/doi/abs/10.1111/j.1728-4457.2014.00671.x,Improved measures for the cross-national comparison of age profiles of internal migration,https://www.tandfonline.com/doi/abs/10.1080/00324728.2014.890243
"Berrington, Ann",https://www.southampton.ac.uk/demography/about/staff/amb6.page,"Family, social demography","Perpetual postponers? Women's, men's and couple's fertility intentions and subsequent fertility behaviour",https://eprints.soton.ac.uk/34148/,Marital dissolution among the 1958 British birth cohort: The role of cohabitation,https://www.tandfonline.com/doi/abs/10.1080/00324720308066
"Biddlecom, Ann E",https://www.guttmacher.org/about/staff/ann-biddlecom,Fertility,Absent and problematic men: Demographic accounts of male reproductive roles,https://doi.org/10.1111/j.1728-4457.2000.00081.x,"Health care utilization, family context, and adaptation among immigrants to the United States",https://www.jstor.org/stable/2137215
"Bietsch, Kristin",https://www.linkedin.com/in/kristin-bietsch-81036386,Fertility,Family Planning During and After the West African Ebola Crisis,https://onlinelibrary.wiley.com/doi/full/10.1111/sifp.12110,The Maximum CPR Model: a demographic tool for family planning policy,https://gatesopenresearch.org/articles/3-1736
"Bloemraad, Irene",https://sociology.berkeley.edu/faculty/irene-bloemraad,"Migration, environment, economic demography","Who Claims Dual Citizenship? The Limits of Postnationalism, the Possibilities of Transnationalism, and the Persistence of Traditional Citizenship",https://onlinelibrary.wiley.com/doi/abs/10.1111/j.1747-7379.2004.tb00203.x,The promise and pitfalls of comparative research design in the study of migration,https://academic.oup.com/migration/article/1/1/27/941988
"Boen, Courtney",http://web.sas.upenn.edu/cboen/,"Mortality, health, aging, biodemography","The role of socioeconomic factors in Black-White health inequities across the life course: Point-in-time measures, long-term exposures, and differential health returns",https://www.sciencedirect.com/science/article/abs/pii/S0277953616305676,The physiological impacts of wealth shocks in late life: Evidence from the Great Recession,https://www.sciencedirect.com/science/article/abs/pii/S0277953615302884
"Booth, Heather",https://researchers.anu.edu.au/researchers/booth-h,"Mathematical, statistical, digital demography, population projection",Demographic forecasting: 1980 to 2005 in review,https://www.sciencedirect.com/science/article/abs/pii/S016920700600046X,Applying Lee-Carter under conditions of variable mortality decline,https://www.tandfonline.com/doi/abs/10.1080/00324720215935
"Bordone, Valeria",https://sites.google.com/view/valeriabordone,"Family, social demography",Contact and proximity of older people to their adult children: A comparison between Italy and Sweden,https://onlinelibrary.wiley.com/doi/abs/10.1002/psp.559,Patterns of grandparental child care across Europe: the role of the policy context and working mothers' need,https://www.cambridge.org/core/journals/ageing-and-society/article/patterns-of-grandparental-child-care-across-europe-the-role-of-the-policy-context-and-working-mothers-need/FD999CE0803BE444D37D1A9CD69C7175
"Boucher, Marie-Pier Bergeron",https://www.sdu.dk/en/forskning/forskningsenheder/samf/cpop/about_the_centre/our_people/cpop_dem/marie_pier_bergeron_boucher,"Mathematical, statistical, digital demography, population projection",Decomposing changes in life expectancy: Compression versus shifting mortality,https://www.jstor.org/stable/26331991?seq=1#metadata_info_tab_contents,Coherent forecasts of mortality with compositional data analysis,https://www.jstor.org/stable/26332204#metadata_info_tab_contents
"Bourdais, Céline Le",https://mcgill.ca/sociology/contact-us/faculty/lebourdais,"Family, social demography",Changes in conjugal life in Canada: Is cohabitation progressively replacing marriage?,https://onlinelibrary.wiley.com/doi/abs/10.1111/j.0022-2445.2004.00063.x?casa_token=OOyVhjSzY5gAAAAA%3AqxI77nBLLZXtpidurWn66jHC0VyR16VbnGBCPp4-Yp3KMv3pt5iUfnFn4i31fGTglIhjvxU4q0vxV8E,Impact of Conjugal Separation on Women’s Income in Canada – Does the Type of Union Matter,https://www.demographic-research.org/volumes/vol35/50/
"Brand, Jennie",http://www.profjenniebrand.com/,"Migration, environment, economic demography",Who benefits most from college? Evidence for negative selection in heterogeneous economic returns to higher education,https://journals.sagepub.com/doi/abs/10.1177/0003122410363567,Regression and matching estimates of the effects of elite college attendance on educational and career achievement,https://www.sciencedirect.com/science/article/abs/pii/S0049089X05000268
"Brauner-Otto, Sarah",https://www.mcgill.ca/sociology/contact-us/faculty/brauner-otto,Fertility,The spread of health services and fertility transition,https://link.springer.com/article/10.1353/dem.2007.0041,"Parental family experiences, the timing of first sex, and contraception",https://www.sciencedirect.com/science/article/abs/pii/S0049089X10001316
"Cambois, Emmanuelle",https://www.ined.fr/en/research/researchers/Cambois+Emmanuelle,"Mortality, health, aging, biodemography","Social inequalities in disability-free life expectancy in the french male population, 1980-1991",https://doi.org/10.1353/dem.2001.0033,Aging and health in France: an unexpected expansion of disability in mid-adulthood over recent years,https://doi.org/10.1093/eurpub/cks136
"Carlson, Marcia",https://sociology.wisc.edu/staff/carlson-marcy/,"Family, social demography",Family structure and children's behavioral and cognitive outcomes,https://onlinelibrary.wiley.com/doi/abs/10.1111/j.1741-3737.2001.00779.x,Union formation in fragile families,https://link.springer.com/article/10.1353/dem.2004.0012
"Caselli, Graziella",https://scholar.google.com/citations?user=Trf4DAkAAAAJ&hl=it,"Mortality, health, aging, biodemography","Three dimensions of the survival curve: Horizontalization, verticalization, and longevity extension",https://doi.org/10.1353/dem.2005.0012,Epidemiologic transition theory exceptions,https://www.jstor.org/stable/29788712
"Castro, Marcia",https://www.hsph.harvard.edu/marcia-castro/,"Mortality, health, aging, biodemography",Malaria risk on the Amazon frontier,https://www.pnas.org/content/103/7/2452.short,Brazil's unified health system: the first 30 years and prospects for the future,https://www.sciencedirect.com/science/article/abs/pii/S0140673619312437
"Cavenaghi, Suzana",https://iussp.org/en/directoryprofile/22396,Fertility,"Mapping the Timing, Pace, and Scale of the Fertility Transition in Brazil",https://onlinelibrary.wiley.com/doi/abs/10.1111/j.1728-4457.2010.00330.x,Fertility and development: evidence from Brazil,https://www.jstor.org/stable/3180829?seq=1#metadata_info_tab_contents
"Chao, Fengqing",https://www.fengqingchao.com/,"Mathematical, statistical, digital demography, population projection",Systematic assessment of the sex ratio at birth for all countries and estimation of national imbalances and regional reference level,https://www.pnas.org/content/116/19/9303,National and regional under-5 mortality rate by economic status for low-income and middle-income countries: a systematic assessment,https://www.thelancet.com/action/showPdf?pii=S2214-109X%2818%2930059-7
"Charles-Edwards, Elin",https://sees.uq.edu.au/profile/9017/elin-charles-edwards,"Migration, environment, economic demography",Where people move and when: temporary population mobility in Australia,https://search.informit.com.au/documentSummary;dn=157293264384755;res=IELAPA,Internal migration and development: Comparing migration intensities around the world,https://onlinelibrary.wiley.com/doi/abs/10.1111/j.1728-4457.2015.00025.x
"Cheng, Siwei",https://siweicheng.weebly.com/research.html,"Migration, environment, economic demography",A life course trajectory framework for understanding the intracohort pattern of wage inequality,https://www.journals.uchicago.edu/doi/abs/10.1086/679103,The accumulation of (dis) advantage: The intersection of gender and race in the long-term wage effect of marriage,dis advantage: The intersection of gender and race in the long-term wage effect of marriage]https://journals.sagepub.com/doi/abs/10.1177/0003122415621263
"Choi, Kate",https://www.katehchoi.com/,"Family, social demography",Fertility in the context of Mexican migration to the United States: A case for incorporating the pre-migration fertility of immigrants,https://www.jstor.org/stable/26348215?seq=1#metadata_info_tab_contents,"Marriage‐Market Constraints and Mate‐Selection Behavior: Racial, Ethnic, and Gender Differences in Intermarriage",https://onlinelibrary.wiley.com/doi/abs/10.1111/jomf.12346
"Clark, Shelley",https://www.mcgill.ca/sociology/contact-us/faculty/clark,"Family, social demography",The impact of childcare on poor urban Women’s economic empowerment in Africa,"https://link.springer.com/article/10.1007/s13524-019-00793-3#:~:text=This%20randomized%20control%20trial%20study,women's%20participation%20in%20paid%20work.&text=These%20findings%20demonstrate%20that%20the,marital%20status%20and%20across%20outcomes.",Divorce in Sub-Saharan Africa: Are Unions Becoming Less Stable?,https://www.jstor.org/stable/24638576#metadata_info_tab_contents
"Coffey, Diane",https://sites.google.com/site/dianelcoffey/,Fertility,Pre-pregnancy body mass and weight gain during pregnancy in India and sub-Saharan Africa,https://sites.google.com/site/dianelcoffey/research/Coffey2015_PNAS.pdf?attredirects=0&d=1,"Costs and consequences of a cash transfer for hospital births in a rural district of Uttar Pradesh, India",https://sites.google.com/site/dianelcoffey/research/Coffey_2014_SSM.pdf?attredirects=0&d=1
"Cossman, Lynne",https://en.wikipedia.org/wiki/Lynne_Cossman,"Mortality, health, aging, biodemography",Reconsidering the Rural-Urban Continuum in Rural Health Research: A Test of Stable Relationships Using Mortality as a Health Measure,https://link.springer.com/article/10.1007/s11113-008-9069-6,Persistent Clusters of Mortality in the United States,https://www.ncbi.nlm.nih.gov/pmc/articles/PMC2089111/
"Coutinho, Raquel",https://orcid.org/0000-0002-2841-1480,Fertility,Live Births and Fertility amidst the Zika Virus Epidemic in Brazil,https://liberalarts.utexas.edu/zika/events/live-births-and-fertility-amidst-the-zika-virus-epidemic-in-brazil,"Life satisfaction in Brazil: an exploration of theoretical correlates and age, period and cohort variations using the World Values Survey (1991-2014)",1991-2014]https://www.scielo.br/scielo.php?pid=S0102-30982020000100151&script=sci_arttext&tlng=en
"Cowan, Sarah",https://www.sarahkcowan.org/,Fertility,Enacted abortion stigma in the United States,https://www.sciencedirect.com/science/article/abs/pii/S0277953617300114,Alternative estimates of lifetime prevalence of abortion from indirect survey questioning methods,https://d1wqtxts1xzle7.cloudfront.net/58636729/Cowan_Wu_England_Makela_Lifetime_Estimates_Abortion_Prevalence.pdf?1552766990=&response-content-disposition=inline%3B+filename%3DAlternative_Estimates_of_Lifetime_Preval.pdf&Expires=1595636437&Signature=Q5oJr6kvzHTJ8QcT7E6yg2Hc07YpMsEhszwyyynQO5bYlerrz4H~mlVrQavw-GRbiqW361-0LCnfOdkLMYcLfWz43DFeCg44ZdizDYJ~7uGY9sE2Zbf8HSVdfd7HRjFnBAa4Dh6hfX7-uYRlWTXU8COjJKOScFCmaNGU~BAICp03cwQ-ZZUneb8WgBjo~3agSiAFE-vWlIXXkMqRzK9mpxmHb6H8YmyfsmhQqx5aRh-1slA1l9SbeScJQuPDgAQeLueCsXFxkriUI8EgpW6K8LcE2-iJBqEbr2vyX79U6JPFzlD~db8z4OUf8Jw1LvZlu8OKM5IOxy7cCSGaik7euQ__&Key-Pair-Id=APKAJLOHF5GGSLRBV4ZA
"Crimmins, Eileen",https://gero.usc.edu/faculty/crimmins/,"Mortality, health, aging, biodemography",Change in cognitively healthy and cognitively impaired life expectancy in the United States: 2000–2010,https://www.sciencedirect.com/science/article/pii/S2352827316301148,"Aging populations, mortality, and life expectancy",https://www.annualreviews.org/doi/abs/10.1146/annurev-soc-073117-041351
"Crowell, Amber",https://scholar.google.com/citations?user=dgf4d9gAAAAJ&hl=en,"Family, social demography",White and Latino locational attainments: Assessing the role of race and resources in US metropolitan residential segregation,https://journals.sagepub.com/doi/abs/10.1177/2332649217748426,"The Unique Case of Minneapolis–St. Paul, MN: Locational Attainments and Segregation in the Twin Cities",https://link.springer.com/content/pdf/10.1007/s40980-019-00056-0.pdf
"Curran, Sara",https://soc.washington.edu/people/sara-curran,"Migration, environment, economic demography",Engendering migrant networks: The case of Mexican migration,https://link.springer.com/article/10.1353/dem.2003.0011,Mapping gender and migration in sociological scholarship: Is it segregation or integration?,https://journals.sagepub.com/doi/abs/10.1111/j.1747-7379.2006.00008.x
"Curtis, Katherine",https://dces.wisc.edu/people/faculty/katherine-curtis/,"Migration, environment, economic demography",Rural Demography,https://link.springer.com/book/10.1007/978-3-030-10910-3,Recovery Migration after Hurricanes Katrina and Rita: Spatial Concentration and Intensification in the Migration System,https://pubmed.ncbi.nlm.nih.gov/26084982/
"Daponte, Beth",https://www.researchgate.net/scientific-contributions/2141066464_Beth_Osborne_Daponte,"Migration, environment, economic demography",Why do low-income households not use food stamps? Evidence from an experiment,https://doi.org/10.2307/146382,How the private food assistance network evolved: Interactions between public and private responses to hunger,https://doi.org/10.1177/0899764006289771
"Deeg, Dorly",http://www.emgo.nl/team/186/dorlydeeg/personal-information/,"Mortality, health, aging, biodemography",Attrition in the Longitudinal Aging Study Amsterdam: The effect of differential inclusion in side studies,https://doi.org/10.1016/S0895-43560100475-9,Concepts of self-rated health: Specifying the gender difference in mortality risk,https://doi.org/10.1093/geront/43.3.376
"Desai, Sonalde",https://www.sonaldedesai.org/,"Family, social demography",Gender scripts and age at marriage in India,https://link.springer.com/article/10.1353/dem.0.0118,Maternal education and child health: Is there a strong causal relationship?,https://link.springer.com/article/10.2307/3004028
"Désesquelles, Aline",https://www.ined.fr/en/research/researchers/D%C3%A9sesquelles+Aline/,"Mortality, health, aging, biodemography","Mortality From Alzheimer’s Disease, Parkinson’s Disease, and Dementias in France and Italy: A Comparison Using the Multiple Cause-of-Death Approach",https://pubmed.ncbi.nlm.nih.gov/24667337/,Revisiting the mortality of France and Italy with the multiple-cause-of-death approach,https://www.demographic-research.org/volumes/vol23/28/default.htm
"Diaconu, Viorela",https://www.demogr.mpg.de/en/about_us_6113/staff_directory_1899/viorela_diaconu_3714/,"Mortality, health, aging, biodemography",Insight on 'typical' longevity: an analysis of the modal lifespan by leading causes of death in Canada,https://www.demographic-research.org/volumes/vol35/17/default.htm,Living and Working Longer in an Aging Society: Toward Increasing Inequalities?,https://ir.lib.uwo.ca/pclc/vol3/iss1/11/
"Diaz, Christina",https://sociology.arizona.edu/people/christina-diaz,"Migration, environment, economic demography",Moving beyond salmon bias: Mexican return migration and health selection,https://link.springer.com/content/pdf/10.1007/s13524-016-0526-2.pdf,"The effect(s) of teen pregnancy: Reconciling theory, methods, and findings","s of teen pregnancy: Reconciling theory, methods, and findings]https://link.springer.com/content/pdf/10.1007/s13524-015-0446-6.pdf"
"Dondero, Molly",https://www.american.edu/cas/faculty/dondero.cfm,"Migration, environment, economic demography",School stratification in new and established Latino destinations,https://academic.oup.com/sf/article-abstract/91/2/477/2235792,"Generational status, neighborhood context, and mother-child resemblance in dietary quality in Mexican-origin families",https://www.sciencedirect.com/science/article/abs/pii/S0277953615302835
"Donehower, Gretchen",https://u.demog.berkeley.edu/~gretchen/,"Migration, environment, economic demography",Methodology of the National Time Transfer Accounts,"https://link.springer.com/chapter/10.1007/978-3-030-11806-8_2#:~:text=NTA%20is%20a%20framework%20for,ages%20when%20we%20are%20not.",Gender and Work in the United States and Patterns by Hispanic Ethnicity,https://link.springer.com/chapter/10.1007/978-3-030-11806-8_7
"Dorélien, Audrey",https://www.hhh.umn.edu/directory/audrey-dor%C3%A9lien,"Migration, environment, economic demography",Birth Seasonality in Sub-Saharan Africa,https://www.jstor.org/stable/26332053#metadata_info_tab_contents,What is Urban? Comparing a Satellite View with the Demographic and Health Surveys,https://onlinelibrary.wiley.com/doi/abs/10.1111/j.1728-4457.2013.00610.x
"Dowd, Jennifer",https://www.jenndowd.com/,"Mortality, health, aging, biodemography",Demographic science aids in understanding the spread and fatality rates of COVID-19,https://www.pnas.org/content/117/18/9696.short,Does the predictive power of self-rated health for subsequent mortality risk vary by socioeconomic status in the US?,https://academic.oup.com/ije/article/36/6/1214/822656
"Drew, Julia",https://pop.umn.edu/people/julia-rivera-drew,"Mortality, health, aging, biodemography","Trends in Fatal and Nonfatal Injuries among Older Americans, 2004-2017",https://www.ajpmonline.org/article/S0749-37972030057-X/fulltext,Disability and the Self-Reliant Family: Revisiting the Literature on Parents with Disabilities,https://www.ncbi.nlm.nih.gov/pmc/articles/PMC5605814/
"Duthé, Géraldine",https://www.ined.fr/en/research/researchers/Duth%C3%A9+G%C3%A9raldine,"Mortality, health, aging, biodemography",Suicide among male prisoners in France: a prospective population-based study,https://www.sciencedirect.com/science/article/pii/S0379073813004313,Mortality in the Caucasus: An attempt to re-estimate recent mortality trends in Armenia and Georgia,https://www.jstor.org/stable/26349571?seq=1#metadata_info_tab_contents
"Dwyer-Lindgren, Laura",http://www.healthdata.org/about/laura-dwyer-lindgren,"Mortality, health, aging, biodemography","US County-Level Trends in Mortality Rates for Major Causes of Death, 1980-2014",https://pubmed.ncbi.nlm.nih.gov/27959996/,"Inequalities in Life Expectancy Among US Counties, 1980 to 2014: Temporal Trends and Key Drivers",https://pubmed.ncbi.nlm.nih.gov/28492829/
"Elo, Irma",https://sociology.sas.upenn.edu/people/irma-elo,"Mortality, health, aging, biodemography",Social class differentials in health and mortality: Patterns and explanations in comparative perspective,https://www.annualreviews.org/doi/abs/10.1146/annurev-soc-070308-115929,Mortality among elderly Hispanics in the United States: Past evidence and new results,https://link.springer.com/article/10.1353/dem.2004.0001
"England, Paula",https://as.nyu.edu/content/nyu-as/as/faculty/paula-england.html,"Migration, environment, economic demography",Gender inequality in labor markets: The role of motherhood and segregation,https://academic.oup.com/sp/article-abstract/12/2/264/1685513,"Households, employment, and gender: A social, economic, and demographic view",https://books.google.ca/books?hl=en&lr=&id=KmZQDwAAQBAJ&oi=fnd&pg=PP1&dq=info:94IYgM3TQQ8J:scholar.google.com&ots=j3j1WlRtkz&sig=rM321rrLCZOd99RaevAagNBJLXc&redir_esc=y#v=onepage&q&f=false
"Entwisle, Barbara",https://www.cpc.unc.edu/people/fellows/barbara-entwisle/,"Migration, environment, economic demography",Putting people into place,https://link.springer.com/article/10.1353/dem.2007.0045,Multilevel effects of socioeconomic development and family planning programs on children ever born,https://www.journals.uchicago.edu/doi/abs/10.1086/228316
"Evans, Ann",https://researchers.anu.edu.au/researchers/evans-aa,"Family, social demography",Negotiating the Life Course: Stability and Change in Life Pathways,https://books.google.ca/books?hl=en&lr=&id=Tnq9aOqsJ6EC&oi=fnd&pg=PR5&dq=info:5eeNfNsOTjEJ:scholar.google.com&ots=XPUErOyzV-&sig=360RlSD9LFOnqOq_et_FM6QVpuM&redir_esc=y#v=onepage&q&f=false,The influence of significant others on Australian teenagers' decisions about pregnancy resolution,https://www.jstor.org/stable/2673786?seq=1#metadata_info_tab_contents
"Fasang, Anette Eva",https://www.wzb.eu/en/persons/anette-eva-fasang,"Family, social demography","The"" second wave"" of sequence analysis bringing the"" course"" back into the life course",https://journals.sagepub.com/doi/abs/10.1177/0049124109357532,The interplay of work and family trajectories over the life course: Germany and the United States in comparison,https://www.journals.uchicago.edu/doi/abs/10.1086/691128
"Feliciano, Cynthia",https://sociology.wustl.edu/people/cynthia-feliciano,"Migration, environment, economic demography",Educational selectivity in US immigration: How do immigrants compare to those left behind?,https://link.springer.com/article/10.1353/dem.2005.0001,Does Selective Migration Matter? Explaining Ethnic Disparities in Educational Attainment among Immigrants' Children,https://journals.sagepub.com/doi/abs/10.1111/j.1747-7379.2005.tb00291.x
"Flood, Sarah",https://pop.umn.edu/people/sarah-flood,"Family, social demography",Time for each other: Work and family constraints among couples,https://onlinelibrary.wiley.com/doi/abs/10.1111/jomf.12255,"Healthy Time Use in the Encore Years: Do Work, Resources, Relations, and Gender Matter?",https://journals.sagepub.com/doi/abs/10.1177/0022146514568669
"Frankenberg, Elizabeth",https://www.cpc.unc.edu/people/fellows/elizabeth-frankenberg/,"Migration, environment, economic demography",The real costs of Indonesia's economic crisis: Preliminary findings from the Indonesia Family Life Surveys,https://econpapers.repec.org/paper/fthrandlp/99-04.htm,Health consequences of forest fires in Indonesia,https://link.springer.com/article/10.1353/dem.2005.0004
"Frye, Maggie",https://lsa.umich.edu/soc/people/faculty/margaret-frye.html,"Family, social demography",Bright futures in Malawi’s new dawn: Educational aspirations as assertions of identity,https://www.journals.uchicago.edu/doi/abs/10.1086/664542,"The demography of words: The global decline in non-numeric fertility preferences, 1993–2011",https://www.tandfonline.com/doi/abs/10.1080/00324728.2017.1304565
"Fürnkranz-Prskawetz, Alexia",https://www.oeaw.ac.at/vid/people/staff/alexia-fuernkranz-prskawetz/,"Migration, environment, economic demography",A brain gain with a brain drain,https://www.sciencedirect.com/science/article/abs/pii/S0165176597000852,"Human capital depletion, human capital formation, and migration: a blessing or a “curse”?",https://www.sciencedirect.com/science/article/abs/pii/S0165176598001256
"Fussell, Elizabeth",https://www.brown.edu/academics/population-studies/people/person/elizabeth-fussell,"Migration, environment, economic demography",The limits to cumulative causation: International migration from Mexican Urban Areas,https://link.springer.com/article/10.1353/dem.2004.0003,The Long-Term Recovery of New Orleans Population After Hurricane Katrina,https://journals.sagepub.com/doi/abs/10.1177/0002764215591181
"Gampe, Jutta",https://www.demogr.mpg.de/en/about_us_6113/staff_directory_1899/jutta_gampe_655,"Mathematical, statistical, digital demography, population projection",Human mortality beyond age 110,https://www.demogr.mpg.de/en/publications_databases_6118/publications_1904/book_chapters/human_mortality_beyond_age_110_3980/,Seasonal variation in death counts: P-spline smoothing in the presence of overdispersion,https://www.demogr.mpg.de/en/publications_databases_6118/publications_1904/book_chapters/seasonal_variation_in_death_counts_p_spline_smoothing_in_the_presence_of_overdispersion_1725/
"García, Jenny",https://theconversation.com/profiles/jenny-garcia-735043,"Mortality, health, aging, biodemography",Trends in infant mortality in Venezuela between 1985 and 2016: a systematic analysis of demographic data,https://www.thelancet.com/journals/langlo/article/PIIS2214-109X1830479-0/fulltext,Urban–rural differentials in Latin American infant mortality,https://www.demographic-research.org/volumes/vol42/8/42-8.pdf
"Garip, Filiz",https://sociology.cornell.edu/filiz-garip,"Migration, environment, economic demography",Social capital and migration: How do similar resources lead to divergent outcomes?,https://link.springer.com/article/10.1353/dem.0.0016,Discovering Diverse Mechanisms of Migration: The Mexico- U.S. Stream from 1970 to 2000,https://onlinelibrary.wiley.com/doi/abs/10.1111/j.1728-4457.2012.00510.x
"Gauthier, Anne",https://t.co/BMHJq9QVCr?amp=1,"Family, social demography",The impact of family policies on fertility in industrialized countries: a review of the literature,https://link.springer.com/article/10.1007/s11113-007-9033-x,Generations and Gender Survey study profile. Longitudinal and Life Course Studies,https://www.llcsjournal.org/index.php/llcs/article/view/500
"Gaydosh, Lauren",https://www.vanderbilt.edu/mhs/person/lauren-gaydosh/,"Mortality, health, aging, biodemography",The Depths of Despair Among US Adults Entering Midlife,https://ajph.aphapublications.org/doi/full/10.2105/AJPH.2019.305002,Childhood Family Instability and Young Adult Health,https://journals.sagepub.com/doi/abs/10.1177/0022146518785174
"Gemmill, Alison",https://www.alisongemmill.com/,Fertility,From Some to None? Fertility Expectation Dynamics of Permanently Childless Women,https://pubmed.ncbi.nlm.nih.gov/30430426/,Reduced fecundity in HIV-positive women,https://pubmed.ncbi.nlm.nih.gov/29579247/
"Genadek, Katie R.",https://scholar.google.com/citations?user=bFhMJ0sAAAAJ&hl=en,"Family, social demography",No-fault divorce laws and the labor supply of women with and without children,http://jhr.uwpress.org/content/XLII/1/247.short,"Trends in spouses’ shared time in the United States, 1965–2012",https://link.springer.com/content/pdf/10.1007/s13524-016-0512-8.pdf
"Geronimus, Arline",https://sph.umich.edu/faculty-profiles/geronimus-arline.html,"Mortality, health, aging, biodemography","""Weathering"" and age patterns of allostatic load scores among blacks and whites in the United States",https://doi.org/10.2105/AJPH.2004.060749,Black/white differences in the relationship of maternal age to birthweight: A population-based test of the weathering hypothesis,https://doi.org/10.1016/0277-95369500159-X
"Gleeson, Shannon",https://www.ilr.cornell.edu/people/shannon-gleeson,"Migration, environment, economic demography",When Do Papers Matter? An Institutional Analysis of Undocumented Life in the United States,https://doi.org/10.1111/j.1468-2435.2011.00726.x,Labor Rights for All? The Role of Undocumented Immigrant Status for Worker Claims Making,https://doi.org/10.1111/j.1747-4469.2010.01196.x
"Glei, Dana",http://danaglei.users.sonic.net/,"Mortality, health, aging, biodemography","Participating in social activities helps preserve cognitive function: an analysis of a longitudinal, population-based study of the elderly",https://pubmed.ncbi.nlm.nih.gov/15764689/,Utilization of care during pregnancy in rural Guatemala: does obstetrical need matter?,https://pubmed.ncbi.nlm.nih.gov/14572850/
"Glick, Jennifer",https://sociology.la.psu.edu/people/jeg115,"Migration, environment, economic demography",Post-secondary school participation of immigrant and native youth: The role of familial resources and educational expectations,https://www.sciencedirect.com/science/article/abs/pii/S0049089X03000590,Academic trajectories of immigrant youths: Analysis within and across cohorts,https://link.springer.com/article/10.1353/dem.2003.0034
"Goldman, Noreen",https://www.princeton.edu/~ngoldman/,"Mortality, health, aging, biodemography",Socioeconomic differences in mortality among US adults: Insights into the Hispanic paradox,https://academic.oup.com/psychsocgerontology/article/62/3/S184/600844,Mortality differentials by marital status: an international comparison,Mortality differentials by marital status: an international comparison
"Grace, Kathryn",https://kathryn-grace.dash.umn.edu/about/,"Migration, environment, economic demography",Child malnutrition and climate in Sub-Saharan Africa: An analysis of recent trends in Kenya,https://doi-org.proxy.lib.fsu.edu/10.1016/j.apgeog.2012.06.017,Using satellite remote sensing and household survey data to assess human health and nutrition response to environmental change,https://link.springer.com/article/10.1007%252Fs11111-013-0201-0
"Gray, Edith",https://researchers.anu.edu.au/researchers/gray-ee,Fertility,Childbearing desires of childless men and women: When are goals adjusted?,https://www.sciencedirect.com/science/article/abs/pii/S1040260812000548,Using a reproductive life course approach to understand contraceptive method use in Australia,https://search.proquest.com/openview/1cbbecd902d54618ddba532e7097ddbd/1?pq-origsite=gscholar&cbl=34392
"Greenhlagh, Susan",http://susan-greenhalgh.com/,"Family, social demography",Just One Child: Science and Policy in Deng’s China,https://www.ucpress.edu/book/9780520253391/just-one-child,On the Crafting of Population Thought,https://onlinelibrary.wiley.com/doi/abs/10.1111/j.1728-4457.2012.00474.x
"Guimaraes, Raquel",https://raquel-guimaraes.com/,"Mathematical, statistical, digital demography, population projection",Uncertainty in population projections: the state of the art,https://www.scielo.br/scielo.php?pid=S0102-30982014000200003&script=sci_arttext,The Demography of Skills-Adjusted Human Capital,http://pure.iiasa.ac.at/id/eprint/16477/
"Gupta, Monica das",https://www.popcenter.umd.edu/mprc-associates/mdasgupt ,"Family, social demography","Selective Discrimination against Female Children in Rural Punjab, India",https://www.jstor.org/stable/1972121,"Death Clustering, Mothers' Education and the Determinants of Child Mortality in Rural Punjab, India",https://doi.org/10.1080/0032472031000144866
"Gutierrez, Carmen",https://publicpolicy.unc.edu/people/5178/,"Migration, environment, economic demography","The institutional determinants of health insurance: Moving away from labor market, marriage, and family attachments under the ACA",https://doi.org/10.1177/0003122418811112,Employment and Health Among Recently Incarcerated Men Before and After the Affordable Care Act (2009–2017),2009–2017]https://doi.org/10.2105/AJPH.2019.305419
"Guzzo, Karen Benjamin",https://www.bgsu.edu/arts-and-sciences/sociology/people/karen-benjamin-guzzo.html,"Family, social demography",Multipartnered fertility among American men,https://link.springer.com/article/10.1353/dem.2007.0027,Marital intentions and the stability of first cohabitations,https://journals.sagepub.com/doi/abs/10.1177/0192513x08323694
"Harknett, Kristen",https://sociology.sas.upenn.edu/people/harknett,"Family, social demography",The relationship between private safety nets and economic outcomes among single mothers,https://onlinelibrary.wiley.com/doi/abs/10.1111/j.1741-3737.2006.00250.x,Do family support environments influence fertility? Evidence from 20 European countries,https://link.springer.com/content/pdf/10.1007/s10680-013-9308-3.pdf
"Harnett, Caroline",https://sc.edu/study/colleges_schools/artsandsciences/sociology/our_people/faculty_staff_directory/hartnett_caroline.php,Fertility,Racial Disparities in Emotional Well-Being during Pregnancy,https://journals.sagepub.com/doi/abs/10.1177/0022146520920259,Births that are later-than-desired: correlates and consequences,https://link.springer.com/article/10.1007/s11113-019-09513-6
"Herd, Pamela",https://gufaculty360.georgetown.edu/s/contact/0033600001i3sNCAAY/pamela-herd,"Mortality, health, aging, biodemography",Socioeconomic position and health: the differential effects of education versus income on the onset versus progression of health problems,https://journals.sagepub.com/doi/abs/10.1177/002214650704800302,Do functional health inequalities decrease in old age? Educational status and functional decline among the 1931-1941 birth cohort,https://journals.sagepub.com/doi/abs/10.1177/0164027505285845
"hionidou, Violetta",https://www.ncl.ac.uk/hca/staff/profile/violettahionidou.html,"Migration, environment, economic demography","Abortion and Contraception in Modern Greece, 1830-1967. Medicine, Sexuality and Popular Culture",https://doi.org/10.1007/978-3-030-41490-0,"‘If we hadn’t left … we would have all died’: Escaping Famine on the Greek Island of Chios, 1941–44",https://doi.org/10.1093/jrs/fez041
"Ho, Jessica",https://gero.usc.edu/faculty/jessica-ho-phd/,"Mortality, health, aging, biodemography",Recent trends in life expectancy across high income countries: retrospective observational study,https://www.bmj.com/content/362/bmj.k2562.full,The contribution of smoking to black-white differences in US mortality,https://link.springer.com/content/pdf/10.1007/s13524-012-0159-z.pdf
"Hook, Jennifer",https://dornsife.usc.edu/cf/soci/soci_faculty_display.cfm?Person_ID=1042774,"Family, social demography","Care in context: Men's unpaid work in 20 countries, 1965–2003",https://journals.sagepub.com/doi/abs/10.1177/000312240607100406,"Gender inequality in the welfare state: Sex segregation in housework, 1965–2003",https://www.journals.uchicago.edu/doi/abs/10.1086/651384
"Hunter, Lori",https://www.colorado.edu/sociology/lori-hunter,"Migration, environment, economic demography",Migration and Environmental Hazards,https://link.springer.com/content/pdf/10.1007/s11111-005-3343-x.pdf,Environmental Dimensions of Migration,https://www.annualreviews.org/doi/abs/10.1146/annurev-soc-073014-112223
"Janssen, Fanny",https://nidi.nl/en/employees/fanny-janssen/,"Mortality, health, aging, biodemography","ICD coding changes and discontinuities in trends in cause-specific mortality in six European countries, 1950-99",https://www.scielosp.org/article/bwho/2004.v82n12/904-913/en/,"Trends in old-age mortality in seven European countries, 1950–1999",https://www.sciencedirect.com/science/article/abs/pii/S0895435603002907
"jarosz, Beth",https://www.prb.org/people/beth-jarosz/,"Mathematical, statistical, digital demography, population projection",Using Assessor Parcel Data to Maintain Housing Unit Counts for Small Area Population Estimates,https://doi.org/10.1007/978-1-4020-8329-7_5,Poisson Distribution: A Model for Estimating Households by Household Size,https://doi.org/10.1007/s11113-020-09575-x
"Johnson-Hanks, Jennifer",https://sociology.berkeley.edu/faculty/jennifer-johnson-hanks,Fertility,Understanding Family Change and Variation,https://link.springer.com/chapter/10.1007%2F978-94-007-1945-3_1,Natural Intentions: Fertility Decline in the African Demographic and Health Surveys,https://www.journals.uchicago.edu/doi/10.1086/508791
"Johnson, Janna",https://sites.google.com/umn.edu/jannaj,"Migration, environment, economic demography",Is Occupational Licensing a Barrier to Interstate Migration?,https://www.nber.org/papers/w24107,The long run health consequences of rural‐urban migration,https://onlinelibrary.wiley.com/doi/full/10.3982/QE962
"Kalousová, Lucie",http://www.luciekalousova.com/,"Mortality, health, aging, biodemography",Increase in frailty of older workers and retirees predicted by negative psychosocial working conditions on the job,https://www.sciencedirect.com/science/article/abs/pii/S0277953614007874,Debt and Foregone Medical Care,https://journals.sagepub.com/doi/abs/10.1177/0022146513483772
"Kaneda, Toshiko",https://www.prb.org/people/toshiko-kaneda/,"Mortality, health, aging, biodemography",Gender Differences in Functional Health and Mortality Among the Chinese Elderly Testing an Exposure Versus Vulnerability Hypothesis,https://doi.org/10.1177/0164027508330725,"Education, Gender, and Functional Transitions Among Indonesian Elderly",https://doi.org/10.1007/s10823-007-9041-7
"Kantorova, Vladimira",https://www.researchgate.net/profile/Vladimira_Kantorova,"Family, social demography",Education And Entry Into Motherhood In The Czech Republic During State-Socialism And The Transition Period 1970-1997,https://doi.org/10.1007/1-4020-4716-9_10,Setting Ambitious yet Achievable Targets Using Probabilistic Projections: Meeting Demand for Family Planning,https://doi.org/10.1111/sifp.12025
"Kashyap, Ridhi",https://www.nuffield.ox.ac.uk/people/profiles/ridhi-kashyap/,"Mathematical, statistical, digital demography, population projection",An agent-based model of sex ratio at birth distortions,https://link.springer.com/chapter/10.1007/978-3-319-32283-4_12,Using Facebook ad data to track the global digital gender gap,https://www.sciencedirect.com/science/article/pii/S0305750X18300883
"Kishor, Sunita",https://www.icf.com/company/about/our-people/k/kishor-sunita,"Family, social demography",Reproductive health and domestic violence: Are the poorest women uniquely disadvantaged?,https://doi.org/10.1353/dem.2006.0014,Married Women's Risk of STIs in Developing Countries: The Role of Intimate Partner Violence and Partner's Infection Status,https://doi.org/10.1177/1077801212455358
"Kitagawa, Evelyn M.",https://en.wikipedia.org/wiki/Evelyn_M._Kitagawa,"Mathematical, statistical, digital demography, population projection",Components of a difference between two rates,https://www.jstor.org/stable/2281213?seq=1#metadata_info_tab_contents,Standardized comparisons in population research,https://www.jstor.org/stable/2060055?seq=1#metadata_info_tab_contents
"Kostaki, Anastasia",http://www2.stat-athens.aueb.gr/~akostaki/,"Mathematical, statistical, digital demography, population projection",A nine‐parameter version of the Heligman‐Pollard formula,https://doi.org/10.1080/08898489209525346,Expanding an abridged life table,https://www.jstor.org/stable/26348031
"Kraly, Ellen",https://www.colgate.edu/about/directory/ekraly,"Migration, environment, economic demography",Estimates Of Long-Term Immigration To The United-States - Moving United-States Statistics Toward United-Nations Concepts,https://doi.org/10.2307/2061855,Efforts To Improve International Migration Statistics - A Historical Perspective,https://doi.org/10.2307/2546500
"Kühn, Mine",https://www.demogr.mpg.de/en/about_us_6113/staff_directory_1899/mine_kuehn_3302/,"Mortality, health, aging, biodemography",Gender differences in health in Havana versus in Mexico City and in the US Hispanic population,https://link.springer.com/content/pdf/10.1007/s10433-020-00563-w.pdf,Trends in gender differences in health at working ages among West and East Germans,https://www.sciencedirect.com/science/article/pii/S2352827318300570
"Kukutai, Tahu",https://www.waikato.ac.nz/nidea/people/tahuk,"Family, social demography",In search of ethnic New Zealanders: National naming in the 2006 census,https://www.msd.govt.nz/documents/about-msd-and-our-work/publications-resources/journals-and-magazines/social-policy-journal/spj36/social-policy-journal-36.pdf#page=51,"White Mothers, Brown Children: Ethnic Identification of Maori‐European Children in New Zealand",https://onlinelibrary.wiley.com/doi/abs/10.1111/j.1741-3737.2007.00438.x
"Lagos, Danya",https://danyalagos.com/,"Family, social demography",Hearing Gender: Voice-Based Gender Classification Processes and Transgender Health Inequality,https://journals.sagepub.com/doi/abs/10.1177/0003122419872504,Looking at population health beyond “male” and “female”: Implications of transgender identity and gender nonconformity for population health,https://link.springer.com/content/pdf/10.1007/s13524-018-0714-3.pdf
"Lee, Hedwig",https://soc.washington.edu/people/hedwig-hedy-lee,"Family, social demography",A Heavy Burden? The Health Consequences of Having a Family Member Incarcerated,https://www.ncbi.nlm.nih.gov/pmc/articles/PMC3953802/,Racial inequalities in connectedness to imprisoned individuals in the United States,https://www.cambridge.org/core/journals/du-bois-review-social-science-research-on-race/article/racial-inequalities-in-connectedness-to-imprisoned-individuals-in-the-united-states/D015904ED108B3B0A18454450104845A
"Lego, Vanessa Di",https://www.oeaw.ac.at/vid/people/staff/vanessa-di-lego/,"Mortality, health, aging, biodemography",Gender differences in healthy and unhealthy life years,"https://link.springer.com/chapter/10.1007/978-3-030-37668-0_11#:~:text=Not%20surprisingly%2C%20women%20expect%20to,from%20ages%2065%20and%20over.",Mortality selection among adults in Brazil: The survival advantage of Air Force officers,https://www.demographic-research.org/volumes/vol37/41/default.htm
"Leone, Tiziana",http://www.lse.ac.uk/international-development/people/tiziana-leone,"Mortality, health, aging, biodemography",Diabetes and depression comorbidity and socio-economic status in low and middle income countries (LMICs): a mapping of the evidence,LMICs: a mapping of the evidence]https://globalizationandhealth.biomedcentral.com/articles/10.1186/1744-8603-8-39,Impact and determinants of sex preference in Nepal,https://www.jstor.org/stable/3181060?seq=1#metadata_info_tab_contents
"Liu, Li",https://www.jhsph.edu/faculty/directory/profile/2243/li-liu,"Mortality, health, aging, biodemography","Global, regional, and national causes of child mortality: an updated systematic analysis for 2010 with time trends since 2000",https://doi.org/10.1016/S0140-67361260560-1,"Global, regional, and national causes of under-5 mortality in 2000-15: an updated systematic analysis with implications for the Sustainable Development Goals",https://doi.org/10.1016/S0140-67361631593-8
"Liu, Mao-Mei",https://www.site.demog.berkeley.edu/liu-profile-page,"Migration, environment, economic demography",Migrant networks and international migration: Testing weak ties,https://link.springer.com/content/pdf/10.1007/s13524-013-0213-5.pdf,Prospects for the comparative study of international migration using quasi-longitudinal micro-data,https://www.ncbi.nlm.nih.gov/pmc/articles/PMC5739584/
"Loi, Silvia",https://www.demogr.mpg.de/en/about_us_6113/staff_directory_1899/silvia_loi_2870,"Mortality, health, aging, biodemography",Migrant health convergence and the role of material deprivation,https://www.demographic-research.org/volumes/vol40/32/,"Migration, health and mortality in Italy: an unfinished story",https://www.iris.unina.it/handle/11588/714542
"Lopus, Sara",https://socialsciences.calpoly.edu/faculty/sara-lopus,"Family, social demography",Relatives in Residence: Relatedness of Household Members Drives Schooling Differentials in Mozambique,https://onlinelibrary.wiley.com/doi/abs/10.1111/jomf.12393,Visualizing Africa’s Educational Gender Gap,https://journals.sagepub.com/doi/full/10.1177/2378023118795956
"Lu, Yao",http://www.columbia.edu/~yl2479/,"Migration, environment, economic demography",Test of the ‘healthy migrant hypothesis’: a longitudinal analysis of health selectivity of internal migration in Indonesia,https://www.sciencedirect.com/science/article/abs/pii/S0277953608003225,Education of children left behind in rural China,https://onlinelibrary.wiley.com/doi/abs/10.1111/j.1741-3737.2011.00951.x
"Lummaa, Virpi",https://www.utu.fi/en/people/virpi-lummaa,"Mortality, health, aging, biodemography",Evolution of sex differences in lifespan and aging: causes and constraints,https://onlinelibrary.wiley.com/doi/abs/10.1002/bies.201300021,Sons reduced maternal longevity in preindustrial humans,https://www.researchgate.net/profile/Virpi_Lummaa/publication/11367151_Sons_Reduced_Maternal_Longevity_in_Preindustrial_Humans/links/546086a70cf295b5616204b8/Sons-Reduced-Maternal-Longevity-in-Preindustrial-Humans.pdf
"Luo, Liying",https://sociology.la.psu.edu/people/lzl65,"Mathematical, statistical, digital demography, population projection",The Age-Period-Cohort-Interaction Model for Describing and Investigating Inter-cohort Deviations and Intra-cohort Life-course Dynamics,https://journals.sagepub.com/doi/10.1177/0049124119882451,"The Sensitivity of the Intrinsic Estimator to Coding Schemes: A Comment on Yang, Schulhofer-Wohl, Fu, and Land",https://www.journals.uchicago.edu/doi/abs/10.1086/689830?mobileUi=0
"Madhavan, Sangeetha",https://aasd.umd.edu/facultyprofile/madhavan/sangeetha,"Family, social demography",'Absent breadwinners': Father-child connections and paternal support in rural South Africa,https://doi.org/10.1080/03057070802259902,The social context of children's nutritional status in rural South Africa,https://doi.org/10.1080/14034950701355700
"Mahmud, Ayesha",https://ayeshamahmud.github.io/,"Migration, environment, economic demography","Comparative dynamics, seasonality in transmission, and predictability of childhood infections in Mexico",https://www.cambridge.org/core/journals/epidemiology-and-infection/article/comparative-dynamics-seasonality-in-transmission-and-predictability-of-childhood-infections-in-mexico/D42E1AE52EAEAED56EFD55EFE7A8D2A6,Drivers of measles mortality: the historic fatality burden of famine in Bangladesh,https://www.cambridge.org/core/journals/epidemiology-and-infection/article/drivers-of-measles-mortality-the-historic-fatality-burden-of-famine-in-bangladesh/3DED1784C1B25607693B2C6B29C6D090
"Manning, Wendy",https://www.bgsu.edu/arts-and-sciences/sociology/people/wendy-d-manning.html,"Family, social demography","Adolescent well‐being in cohabiting, married, and single‐parent families",https://onlinelibrary.wiley.com/doi/abs/10.1111/j.1741-3737.2003.00876.x,Measuring and modeling cohabitation: New perspectives from qualitative data,https://onlinelibrary.wiley.com/doi/abs/10.1111/j.1741-3737.2005.00189.x
"Maralani, Vida",https://sociology.cornell.edu/vida-maralani,"Family, social demography",The Changing Relationship between Family Size and Educational Attainment over the Course of Socioeconomic Development: Evidence from Indonesia,https://link.springer.com/article/10.1353/dem.0.0013,From GED to College: Age Trajectories of Nontraditional Educational Paths,https://journals.sagepub.com/doi/abs/10.3102/0002831211405836
"Margolis, Rachel",https://www.rachelmargolis.net/,"Family, social demography",A global perspective on happiness and fertility,https://onlinelibrary.wiley.com/doi/abs/10.1111/j.1728-4457.2011.00389.x,The Changing Demography of Grandparenthood,https://onlinelibrary.wiley.com/doi/abs/10.1111/jomf.12286
"Marquez-Velarde, Guadalupe",https://sociology.usu.edu/people/directory/guadalupe-marquez-velarde,"Mortality, health, aging, biodemography",Mental health disparities among low-income US Hispanic residents of a US-Mexico border colonia,https://doi.org/10.1007/s40615-015-0091-1,Racial stratification in self-rated health among Black Mexicans and White Mexicans,https://doi.org/10.1016/j.ssmph.2019.100509
"Marston, Milly",https://www.lshtm.ac.uk/aboutus/people/marston.milly,"Mortality, health, aging, biodemography",The relationship between HIV and fertility in the era of antiretroviral therapy in sub-Saharan Africa: evidence from 49 Demographic and Health Surveys,https://pubmed.ncbi.nlm.nih.gov/28986949/,Net survival of perinatally and postnatally HIV-infected children: a pooled analysis of individual data from sub-Saharan Africa,https://pubmed.ncbi.nlm.nih.gov/21247884/
"Marteleto, Leticia",https://liberalarts.utexas.edu/prc/directory/faculty/ljm86,"Family, social demography",Live Births and Fertility Amid the Zika Epidemic in Brazil,https://link.springer.com/content/pdf/10.1007/s13524-020-00871-x.pdf,Women’s reproductive intentions and behaviors during the Zika epidemic in Brazil,https://www.ncbi.nlm.nih.gov/pmc/articles/PMC6663086/
"Martin, Melanie",https://anthropology.washington.edu/people/melanie-martin,"Mortality, health, aging, biodemography",Differences in Tsimane children’s growth outcomes and associated determinants as estimated by WHO standards vs. within population references,https://anthropology.washington.edu/research/publications/tsimane-vs-who-growth-references,Infant gut microbiota: developmental influences and health outcomes,https://link.springer.com/chapter/10.1007/978-1-4614-4060-4_11
"Masferrer, Claudia",https://www.mcgill.ca/sociology/contact-us/faculty/claudia-masferrer,"Migration, environment, economic demography",Does Family Matter for Recent Immigrants’ Life Satisfaction,https://www.sciencedirect.com/science/article/abs/pii/S1040260816300193,Going Back Home? Changing Demography and Geography of Mexican Return Migration,https://link.springer.com/article/10.1007/s11113-012-9243-8
"Mencarini, Letizia",https://letiziamencarini.com/,"Family, social demography",Life Satisfaction Favors Reproduction. The Universal Positive Effect of Life Satisfaction on Childbearing in Contemporary Low Fertility Countries,https://doi.org/10.1371/journal.pone.0206202,Employed Women and Marital Union Stability: It Helps When Men Help,https://doi.org/10.1177/0192513X17710283
"Menken, Jane",https://en.wikipedia.org/wiki/Jane_Menken,"Mathematical, statistical, digital demography, population projection",On Becoming a Mathematical Demographer—And the Career in Problem-Focused Inquiry that Followed,https://www.annualreviews.org/doi/pdf/10.1146/annurev-soc-073117-041059,Age and infertility,https://science.sciencemag.org/content/233/4771/1389.abstract
"Merli, M. Giovanna",https://globalhealth.duke.edu/people/merli-maria-giovanna,Fertility,Are births underreported in rural China? Manipulation of statistical records in response to China’s population policies,https://link.springer.com/article/10.2307/2648100,Has the Chinese family planning policy been successful in changing fertility preferences?,https://link.springer.com/article/10.1353/dem.2002.0029
"Meslé, France",https://www.ined.fr/en/research/researchers/Mesl%C3%A9+France,"Mortality, health, aging, biodemography",Diverging Trends in Female Old-Age Mortality: The United States and the Netherlands versus France and Japan,https://onlinelibrary.wiley.com/doi/abs/10.1111/j.1728-4457.2006.00108.x,Reconstructing Long-Term Series of Causes of Death,https://www.ncbi.nlm.nih.gov/pmc/articles/PMC6241024/
"Metcalf, C. Jessica",https://metcalflab.princeton.edu/people/metcalf-c-jessica/,"Migration, environment, economic demography",Why evolutionary biologists should be demographers,https://www.sciencedirect.com/science/article/abs/pii/S0169534706003806,Seasonality and comparative dynamics of six childhood infections in pre-vaccination Copenhagen,https://royalsocietypublishing.org/doi/full/10.1098/rspb.2009.1058
"Mikolai, Julia",https://scholar.google.co.uk/citations?user=GhqmkD8AAAAJ&hl=en,"Family, social demography","Divorce, Separation, and Housing Changes: A Multiprocess Analysis of Longitudinal Data from England and Wales",https://link.springer.com/article/10.1007/s13524-017-0640-9,Short-and long-term effects of divorce and separation on housing tenure in England and Wales,https://www.tandfonline.com/doi/full/10.1080/00324728.2017.1391955
"Milkie, Melissa",https://melissamilkie.com/,"Family, social demography",Playing all the roles: Gender and the work-family balancing act,https://www.jstor.org/stable/353763?seq=1#metadata_info_tab_contents,The time squeeze: Parental statuses and feelings about time with children,https://onlinelibrary.wiley.com/doi/abs/10.1111/j.0022-2445.2004.00050.x
"Mills, Melinda",https://www.sociology.ox.ac.uk/academic-staff/melinda-mills.html,"Family, social demography",Why do people postpone parenthood? Reasons and social policy incentives,https://academic.oup.com/humupd/article/17/6/848/871500,"Globalization, uncertainty and the early life course",https://link.springer.com/article/10.1007/s11618-003-0023-4
"Miranda‐Ribeiro, Paula",http://somos.ufmg.br/professor/paula-de-miranda-ribeiro,Fertility,Fertility Differentials by Education in Brazil: From the Conclusion of Fertility to the Onset of Postponement Transition,https://onlinelibrary.wiley.com/doi/10.1111/padr.12165,First conjugal union and religion: Signs contrary to the Second Demographic Transition in Brazil?,https://www.demographic-research.org/volumes/vol33/34/
"Montez, Jennifer Karas",https://jennkarasmontez.com/,"Mortality, health, aging, biodemography","Trends in the educational gradient of US adult mortality from 1986 through 2006 by race, gender, and age group",https://journals.sagepub.com/doi/abs/10.1177/0164027510392388,Educational attainment and adult mortality in the United States: A systematic analysis of functional form,https://link.springer.com/content/pdf/10.1007/s13524-011-0082-8.pdf
"Mueller, Valerie",https://spgs.asu.edu/content/valerie-mueller,"Migration, environment, economic demography",Heat stress increases long-term human migration in rural Pakistan,https://www.nature.com/articles/nclimate2103/,Temporary migration and climate variation in eastern Africa,https://doi.org/10.1016/j.worlddev.2019.104704
"Musick, Kelly",https://www.human.cornell.edu/people/kam386,"Family, social demography",Reexamining the case for marriage: Union formation and changes in well‐being,https://onlinelibrary.wiley.com/doi/abs/10.1111/j.1741-3737.2011.00873.x,Planned and unplanned childbearing among unmarried women,https://onlinelibrary.wiley.com/doi/abs/10.1111/j.1741-3737.2002.00915.x
"Muttarak, Raya",http://www.wittgensteincentre.org/en/staff/member/muttarak.htm,"Migration, environment, economic demography",Is Education a Key to Reducing Vulnerability to Natural Disasters and hence Unavoidable Climate Change?,https://www.jstor.org/stable/26269470?seq=1#metadata_info_tab_contents,"Climate change and seasonal floods: potential long-term nutritional consequences for children in Kerala, India",https://gh.bmj.com/content/4/2/e001215.abstract
"Negraia, Daniela",https://danielanegraia.weebly.com/publications.html,"Family, social demography",Unpacking the Parenting Well-Being Gap: The Role of Dynamic Features of Daily Life across Broader Social Contexts,https://journals.sagepub.com/doi/10.1177/0190272520902453,"Gender Disparities in Parenting Time Across Activities, Child Ages, and Educational Groups",https://journals.sagepub.com/doi/10.1177/0192513X18770232
"Nepomuceno, Marília",https://www.demogr.mpg.de/en/about_us_6113/staff_directory_1899/marilia_r_nepomuceno_2921,"Mortality, health, aging, biodemography","Besides population age-structure, health and other demographic factors can contribute to understanding the COVID-19 burden",https://dx.doi.org/10.1073/pnas.2008760117,A cohort survival comparison of Central and Eastern European and high-longevity countries,https://www.cairn.info/revue-population-2019-3-page-299.htm?ref=doi
"Nobles, Jenna",https://cde.wisc.edu/staff/nobles-jenna/,"Family, social demography","Parenting from abroad: Migration, nonresident father involvement, and children's education in Mexico",https://onlinelibrary.wiley.com/doi/abs/10.1111/j.1741-3737.2011.00842.x,The effects of mortality on fertility: population dynamics after a natural disaster,https://link.springer.com/content/pdf/10.1007/s13524-014-0362-1.pdf
"Nomaguchi, Kei",https://www.bgsu.edu/arts-and-sciences/sociology/people/kei-m-nomaguchi.html,"Family, social demography",Costs and rewards of children: The effects of becoming a parent on adults' lives,https://onlinelibrary.wiley.com/doi/abs/10.1111/j.1741-3737.2003.00356.x,"Exercise time: Gender differences in the effects of marriage, parenthood, and employment",https://onlinelibrary.wiley.com/doi/abs/10.1111/j.1741-3737.2004.00029.x
"Oksuzyan, Anna",https://www.demogr.mpg.de/en/about_us_6113/staff_directory_1899/anna_oksuzyan_1135/,"Mortality, health, aging, biodemography",Men: good health and high mortality. Sex differences in health and aging,https://pubmed.ncbi.nlm.nih.gov/18431075/,Is the story about sensitive women and stoical men true? Gender differences in health after adjustment for reporting behavior,https://www.sciencedirect.com/science/article/pii/S0277953619301388
"Ouellette, Nadine",https://demo.umontreal.ca/repertoire-departement/professeurs/professeur/in/in29461/sg/Nadine%20Ouellette/,"Mortality, health, aging, biodemography",Period-Based Mortality Change: Turning Points in Trends since 1950,https://www.ncbi.nlm.nih.gov/pmc/articles/PMC4091993/,Changes in the age-at-death distribution in four low mortality countries: A nonparametric approach,https://www.demographic-research.org/volumes/vol25/19/25-19.pdf
"Patterson, Evelyn",https://law.vanderbilt.edu/bio/evelyn-patterson,"Family, social demography","Incarcerating death: Mortality in US state correctional facilities, 1985–1998",https://link.springer.com/article/10.1353/dem.0.0123,Estimating mean length of stay in prison: methods and applications,https://link.springer.com/content/pdf/10.1007/s10940-007-9037-z.pdf
"Patterson, Sarah",https://www.psc.isr.umich.edu/people/profile/1522/Sarah_Patterson,"Family, social demography",The Demography of Multigenerational Caregiving: A Critical Aspect of the Gendered Life Course,https://journals.sagepub.com/doi/full/10.1177/2378023119862737,Educational Attainment Differences in Attitudes toward Provisions of IADL Care for Older Adults in the US,https://www.tandfonline.com/doi/abs/10.1080/08959420.2020.1722898
"Pebley, Anne R.",https://ph.ucla.edu/faculty/pebley,"Migration, environment, economic demography",Demography and the Environment,https://link.springer.com/article/10.2307/3004008,Prenatal and delivery care and childhood immunization in Guatemala: Do family and community matter?,https://link.springer.com/article/10.2307/2061874
"Pelikh, Alina",https://cls.ucl.ac.uk/team/alina-pelikh/,"Family, social demography",Short‐and long‐distance moves of young adults during the transition to adulthood in Britain,https://onlinelibrary.wiley.com/doi/abs/10.1002/psp.2125,Preschool services for children: Cross-national analysis of factors affecting use,https://journals.sagepub.com/doi/abs/10.1177/0020872814536415
"Perelli-Harris, Brienna",https://www.southampton.ac.uk/demography/about/staff/bgph1c10.page,"Family, social demography",The educational gradient of childbearing within cohabitation in Europe,https://onlinelibrary.wiley.com/doi/abs/10.1111/j.1728-4457.2010.00357.x,"Changes in union status during the transition to parenthood in eleven European countries, 1970s to early 2000s",https://www.tandfonline.com/doi/abs/10.1080/00324728.2012.673004
"Perreira, Krista",https://www.cpc.unc.edu/people/fellows/krista-m-perreira/,"Migration, environment, economic demography",Making it in America: High school completion by immigrant and native youth,https://doi.org/10.1353/dem.2006.0026,Painful passages: Traumatic experiences and post-traumatic stress among US immigrant Latino adolescents and their primary caregivers,https://doi.org/10.1111/imre.12050
"Pierce, Hayley",https://fhssfaculty.byu.edu/FacultyPage/hhayley,"Mortality, health, aging, biodemography",Increasing Maternal Healthcare Use in Rwanda: Implications for Child Nutritional Status and Survival,https://pubmed.ncbi.nlm.nih.gov/24607667/,Cohabitation or Marriage? How Relationship Status and Community Context Influence the Well-being of Children in Developing Nations,https://www.researchgate.net/publication/335480373_Cohabitation_or_Marriage_How_Relationship_Status_and_Community_Context_Influence_the_Well-being_of_Children_in_Developing_Nations
"Prickett, Kate",http://www.kateprickett.com/,"Family, social demography",A research note on time with children in different-and same-sex two-parent families,https://link.springer.com/article/10.1007/s13524-015-0385-2,Maternal education and investments in children's health,https://onlinelibrary.wiley.com/doi/abs/10.1111/jomf.12253
"Qian, Yue",https://sociology.ubc.ca/profile/yue-qian/,"Family, social demography",Gender Asymmetry in Educational and Income Assortative Marriage,https://onlinelibrary.wiley.com/doi/abs/10.1111/jomf.12372,Women's Fertility Autonomy in Urban China: The Role of Couple Dynamics Under the Universal Two-Child Policy,https://www.tandfonline.com/doi/abs/10.1080/21620555.2018.1428895
"Quesnel-Vallée, Amélie",http://www.ameliequesnelvallee.org/,"Mortality, health, aging, biodemography",Self-rated health: caught in the crossfire of the quest for ‘true’ health?,https://academic.oup.com/ije/article/36/6/1161/824081,Temporary work and depressive symptoms: a propensity score analysis,https://www.sciencedirect.com/science/article/abs/pii/S027795361000167X
"Rajaratnam, Julie",https://globalhealth.washington.edu/faculty/julie-rajaratnam,"Mathematical, statistical, digital demography, population projection",Measuring under-five mortality: Validation of new low-cost methods,https://journals.plos.org/plosmedicine/article?id=10.1371/journal.pmed.1000253,Worldwide mortality in men and women aged 15–59 years from 1970 to 2010: a systematic analysis,https://www.thelancet.com/journals/lancet/article/PIIS0140-6736%2810%2960517-X/fulltext
"Raley, R. Kelly",https://liberalarts.utexas.edu/sociology/faculty/kraley,"Family, social demography",The topography of the divorce plateau: Levels and trends in union stability in the United States after 1980,https://www.jstor.org/stable/26348083?seq=1#metadata_info_tab_contents,Cohabitation and children's family instability,https://onlinelibrary.wiley.com/doi/abs/10.1111/j.0022-2445.2004.00014.x-i1
"Randell, Heather",https://www.heatherrandell.com/,"Migration, environment, economic demography",Structure and agency in development-induced forced migration: the case of Brazilís Belo Monte Dam,https://link.springer.com/content/pdf/10.1007/s11111-015-0245-4.pdf,Climate change and educational attainment in the global tropics,https://www.pnas.org/content/116/18/8840
"Rauscher, Emily",https://www.brown.edu/academics/sociology/people/emily-rauscher,"Family, social demography",Why Who Marries Whom Matters: Effects of Educational Assortative Mating on Infant Health in the United States 1969–1994,https://academic.oup.com/sf/article-abstract/98/3/1143/5498123?redirectedFrom=fulltext,Does Educational Equality Increase Mobility? Exploiting Nineteenth-Century U.S. Compulsory Schooling Laws,https://www.journals.uchicago.edu/doi/abs/10.1086/685443
"Reed, Holly",https://www.gc.cuny.edu/Page-Elements/Academics-Research-Centers-Initiatives/Doctoral-Programs/Sociology/Faculty-Bios/Holly-Reed,"Migration, environment, economic demography",Men's and women's migration in coastal Ghana: An event history analysis,https://dx.doi.org/10.4054%2FDemRes.2010.22.25,"Moving Across Boundaries: Migration in South Africa, 1950-2000",https://doi.org/10.1007/s13524-012-0140-x
"Rose, Alessandra De",https://web.uniroma1.it/memotef/en/users/de-rose-alessandra,"Family, social demography",Italy: Delayed adaptation of social institutions to changes in family behaviour,https://www.jstor.org/stable/26349260,Socio-Economic Factors and Family Size as Determinants of Marital Dissolution in Italy,https://doi.org/10.1093/oxfordjournals.esr.a036623
"Rossier, Clémentine",https://www.unige.ch/sciences-societe/ideso/membres/rossier/,Fertility,Estimating induced abortion rates: a review,https://onlinelibrary.wiley.com/doi/abs/10.1111/j.1728-4465.2003.00087.x,Social interaction effects on fertility: Intentions and behaviors,https://link.springer.com/content/pdf/10.1007/s10680-009-9203-0.pdf
"Saikia, Nandita",http://nanditasaikia.com/,"Mortality, health, aging, biodemography",Trends and geographic differentials in mortality under age 60 in India,https://www.tandfonline.com/doi/abs/10.1080/00324728.2010.534642,Does type of household affect maternal health? Evidence from India,https://pdfs.semanticscholar.org/2ece/463397868492798d0ef3382a1cc2a537b6c8.pdf
"Sánchez-Sot, Gabriela",https://www.uh.edu/class/cmas/about-us/cmas-faculty/gabriela-sanchez-soto/,"Migration, environment, economic demography",I Would Really Like to Go Where You Go’: Rethinking Migration Decision‐Making Among Educated Tied Movers,https://doi.org/10.1002/psp.1990,Youth Education and Employment in Mexico City: A Mixed-Methods Analysis,https://doi.org/10.1177/0002716220910391
"Saperstein, Aliya",https://sociology.stanford.edu/people/aliya-saperstein,"Family, social demography",Racial Fluidity and Inequality in the United States,https://doi.org/10.1086/667722,"Racial Formation in Perspective: Connecting Individuals, Institutions, and Power Relations",https://doi.org/10.1146/annurev-soc-071312-145639
"Sawyer, Diana",https://www.scielo.br/scielo.php?pid=S1413-81232002000400012&script=sci_arttext,"Mortality, health, aging, biodemography",Spatial patterns of malaria in the Amazon: implications for surveillance and targeted interventions,https://pubmed.ncbi.nlm.nih.gov/16815074/,Profiles of health services utilization in Brazil,https://www.scielo.br/scielo.php?pid=S1413-81232002000400012&script=sci_arttext
"Schwartz, Christine",https://www.ssc.wisc.edu/~cschwart/,"Family, social demography",Trends in educational assortative marriage from 1940 to 2003,https://link.springer.com/article/10.1353/dem.2005.0036,Earnings inequality and the changing association between spouses’ earnings,https://www.journals.uchicago.edu/doi/abs/10.1086/651373
"Seaman, Rosie",https://www.stir.ac.uk/people/1489025,"Mortality, health, aging, biodemography",Increasing inequality in age of death at shared levels of life expectancy: A comparative study of Scotland and England and Wales,https://www.sciencedirect.com/science/article/pii/S235282731630101X ,The increasing lifespan variation gradient by area-level deprivation: A decomposition analysis of Scotland 1981–2011,https://www.ncbi.nlm.nih.gov/pmc/articles/PMC6711767/
"Sear, Rebecca",https://www.lshtm.ac.uk/aboutus/people/sear.rebecca,Fertility,Evolutionary contributions to the study of human fertility,https://www.tandfonline.com/doi/abs/10.1080/00324728.2014.982905?journalCode=rpst20,How much does family matter? The implications of a cooperative breeding strategy for the demographic transition,https://onlinelibrary.wiley.com/doi/abs/10.1111/j.1728-4457.2011.00379.x
"Seltzer, Judith",https://soc.ucla.edu/faculty/judith-seltzer,"Family, social demography",The Family Safety Net of Black and White Multigenerational Families,https://onlinelibrary.wiley.com/doi/abs/10.1111/padr.12233,Stepfamily Structure and Transfers Between Generations in U.S. Families,https://link.springer.com/article/10.1007%2Fs13524-018-0740-1
"Ševčíková, Hana",https://www.stat.washington.edu/hana/,"Mathematical, statistical, digital demography, population projection",Assessing uncertainty in urban simulations using Bayesian melding,https://doi.org/10.1016/j.trb.2006.11.001,bayesTFR: An R Package for Probabilistic Projections of the Total Fertility Rate,https://doi.org/10.18637/jss.v043.i01
"Sigle, Wendy",http://www.lse.ac.uk/gender/people/people-profiles/faculty/wendy-sigle,"Family, social demography",Why demography needs (new) theories,new theories]http://eprints.lse.ac.uk/86429/1/Sigle_Demography%20needs%20theories_2018.pdf,Fertility in England and Wales: a policy puzzle?,http://eprints.lse.ac.uk/31320/
"Smith-Greenway, Emily",http://emilysmithgreenaway.org/,"Family, social demography",Maternal reading skills and child mortality in Nigeria: a reassessment of why education matters,https://link.springer.com/article/10.1007%252Fs13524-013-0209-1,"Polygynous contexts, family structure, and infant mortality in sub-Saharan Africa",https://link.springer.com/content/pdf/10.1007/s13524-013-0262-9.pdf
"Solé-Auró, Aïda",https://www.upf.edu/web/sole-auro,"Mortality, health, aging, biodemography",Health of Immigrants in European Countries,https://journals.sagepub.com/doi/abs/10.1111/j.1747-7379.2008.00150.x,"Who cares? A comparison of informal and formal care provision in Spain, England and the USA",https://www.cambridge.org/core/journals/ageing-and-society/article/who-cares-a-comparison-of-informal-and-formal-care-provision-in-spain-england-and-the-usa/EB0202DF1C3D43193373DEA063599A7B
"Song, Xi",https://sociology.sas.upenn.edu/people/xi-song,"Migration, environment, economic demography","Market transition theory revisited: Changing regimes of housing inequality in China, 1988-2002",https://www.sociologicalscience.com/download/volume%201/july/SocSci_v1_277to291.pdf,Diverging mobility trajectories: Grandparent effects on educational attainment in one-and two-parent families in the United States,https://link.springer.com/content/pdf/10.1007/s13524-016-0515-5.pdf
"Sparks, Johnelle",https://hcap.utsa.edu/directory/johnelle-sparks-ph-d/,"Family, social demography","Do biological, sociodemographic, and behavioral characteristics explain racial/ethnic disparities in preterm births?",https://www.sciencedirect.com/science/article/abs/pii/S0277953609001117,Racial/ethnic differences in breastfeeding duration among WIC-eligible families,https://www.sciencedirect.com/science/article/abs/pii/S1049386711000466
"Staveteig, Sarah",https://www.researchgate.net/profile/Sarah_Staveteig,"Family, social demography","Fear, opposition, ambivalence, and omission: Results from a follow-up study on unmet need for family planning in Ghana",https://doi.org/10.1371/journal.pone.0182076,Reaching the ' first 90 ': Gaps in coverage of HIV testing among people living with HIV in 16 African countries,https://doi.org/10.1371/journal.pone.0186316
"Strohschein, Lisa",https://apps.ualberta.ca/directory/person/las5,"Family, social demography",Parental divorce and child mental health trajectories,https://onlinelibrary.wiley.com/doi/abs/10.1111/j.1741-3737.2005.00217.x,Marital transitions and mental health: are there gender differences in the short-term effects of marital status change?,https://www.sciencedirect.com/science/article/abs/pii/S027795360500393X
"Suzuki, Emi",https://blogs.worldbank.org/team/emi-suzuki,"Mortality, health, aging, biodemography",Estimates of maternal mortality worldwide between 1990 and 2005: an assessment of available data,https://doi.org/10.1016/S0140-67360761572-4,Understanding Global Trends in Maternal Mortality,https://doi.org/10.1363/3903213
"Tabeau, Ewa",https://www.wur.nl/en/Persons/Ewa-EW-Ewa-Tabeau-PhD-MSc.htm,"Mortality, health, aging, biodemography",War-related Deaths in the 1992–1995 Armed Conflicts in Bosnia and Herzegovina: A Critique of Previous Estimates and Recent Results,https://doi.org/10.1007/s10680-005-6852-5,"Improving Overall Mortality Forecasts by Analysing Cause-of-Death, Period and Cohort Effects in Trends",https://doi.org/10.1023/A:1006109310764
"Tanturri, Maria Letizia",https://homes.stat.unipd.it/marialetiziatanturri/,"Family, social demography",Childless or childfree? Paths to voluntary childlessness in Italy,https://www.jstor.org/stable/25434658,Economic well-being in old age in Italy: does having children make a difference?,https://www.jstor.org/stable/41430836
"Taylor, Miles",https://coss.fsu.edu/sociology/mtaylor,"Mathematical, statistical, digital demography, population projection","Timing, Accumulation, and the Black/White Disability Gap in Later Life: A Test of Weathering",https://journals.sagepub.com/doi/abs/10.1177/0164027507311838,Cohort Differences and Chronic Disease Profiles of Differential Disability Trajectories,https://academic.oup.com/psychsocgerontology/article/66B/6/729/591502
"Tom, Sarah",https://www.columbianeurology.org/profile/setom,"Family, social demography","Frailty and Fracture, Disability, and Falls: A Multiple Country Study From the Global Longitudinal Study of Osteoporosis in Women",https://doi.org/10.1111/jgs.12146,Characterization of Dementia and Alzheimer's Disease in an Older Population: Updated Incidence and Life Expectancy With and Without Dementia,https://doi.org/10.2105/AJPH.2014.301935
"Torche, Florencia",https://sociology.stanford.edu/people/florencia-torche,"Family, social demography",The effect of maternal stress on birth outcomes: exploiting a natural experiment,https://link.springer.com/content/pdf/10.1007/s13524-011-0054-z.pdf,Educational assortative mating and economic inequality: A comparative analysis of three Latin American countries,https://link.springer.com/article/10.1353/dem.0.0109
"Torres, Catalina",https://portal.findresearcher.sdu.dk/en/persons/ctorres,"Mortality, health, aging, biodemography",Life expectancy in urbanizing contexts: Patterns and causes of changes in mortality in historical populations,https://doi.org/10.21996/13hx-6h08,"The contribution of urbanization to changes in life expectancy in Scotland, 1861–1910",https://doi.org/10.1080/00324728.2018.1549746
"Trimarchi, Alessandra",https://www.ined.fr/en/research/researchers/Trimarchi+Alessandra,Fertility,Education and the transition to fatherhood: The role of selection into union,https://doi.org/10.1007/s13524-016-0533-3,Pathways to marital and non-marital first birth: the role of his and her education,https://www.jstor.org/stable/26506104
"Trinitapoli, Jenny",https://sociology.uchicago.edu/directory/jenny-trinitapoli,"Family, social demography",The Flexibility of Fertility Preferences in a Context of Uncertainty,https://onlinelibrary.wiley.com/doi/full/10.1111/padr.12114,AIDS & Religious Life in Malawi: Rethinking How Population Dynamics Shape Culture,https://muse.jhu.edu/article/593159/pdf
"Tsui, Amy",https://www.jhsph.edu/faculty/directory/profile/1025/amy-ong-tsui,Fertility,Family Planning and the Burden of Unintended Pregnancies,https://doi.org/10.1093/epirev/mxq012,Contraceptive Practice in sub-Saharan Africa,https://doi.org/10.1111/padr.12051
"Umberson, Debra",https://liberalarts.utexas.edu/sociology/faculty/dju,"Mortality, health, aging, biodemography",Social relationships and health behavior across the life course,https://www.annualreviews.org/doi/abs/10.1146/annurev-soc-070308-120011?journalCode=soc,Widowhood and depression: Explaining long-term gender differences in vulnerability,https://www.jstor.org/stable/2136854?seq=1#metadata_info_tab_contents
"Urdinola, B. Piedad",https://sites.google.com/site/piedadurdinola/,"Mortality, health, aging, biodemography",Could Political Violence Affect Infant Mortality? The Colombian Case,https://www.repository.fedesarrollo.org.co/handle/11445/1073,The Homicide Atlas in Colombia: Contagion and Under-Registration for Small Areas,http://www.scielo.org.co/scielo.php?pid=S0121-215X2017000100008&script=sci_abstract&tlng=pt
"Utomo, Ariane",https://researchers.anu.edu.au/researchers/utomo-aj,"Family, social demography",Women as secondary earners: Gendered preferences on marriage and employment of university students in modern Indonesia,https://www.tandfonline.com/doi/abs/10.1080/17441730.2012.646841,Marrying up? Trends in age and education gaps among married couples in Indonesia,https://journals.sagepub.com/doi/abs/10.1177/0192513X14538023
"Väisänen, Heini",https://heinivaisanen.com/,Fertility,Social Inequalities in Teenage Fertility Outcomes: Childbearing and Abortion Trends of Three Birth Cohorts In Finland,https://onlinelibrary.wiley.com/doi/abs/10.1363/46e1314,The association between education and induced abortion for three cohorts of adults in Finland,https://www.tandfonline.com/doi/full/10.1080/00324728.2015.1083608
"Valk, Helga de",https://nidi.nl/en/employees/helga-de-valk/,"Migration, environment, economic demography",Co-residence of adult children with their parents: differences by migration background explored and explained,https://www.tandfonline.com/doi/abs/10.1080/1369183X.2018.1485207,Intergenerational discrepancies in fertility preferences among immigrant and Dutch families,https://www.tandfonline.com/doi/abs/10.1080/1081602X.2013.826591
"Van Hook, Jennifer",https://sociology.la.psu.edu/people/jxv21,"Migration, environment, economic demography",Immigration and living arrangements: Moving beyond economic need versus acculturation,https://link.springer.com/article/10.1353/dem.2007.0019,"Ineligible parents, eligible children: Food stamps receipt, allotments, and food insecurity among children of immigrants",https://www.sciencedirect.com/science/article/abs/pii/S0049089X04000869
"Van Raalte, Alyson",https://www.demogr.mpg.de/en/about_us_6113/staff_directory_1899/alyson_van_raalte_1575/,"Mortality, health, aging, biodemography",The case for monitoring life-span inequality,https://science.sciencemag.org/content/362/6418/1002.summary,Lifespan variation by occupational class: Compression or stagnation over time?,https://link.springer.com/content/pdf/10.1007/s13524-013-0253-x.pdf
"VanWey, Leah",https://www.brown.edu/academics/sociology/people/leah-vanwey,"Migration, environment, economic demography",Household demographic change and land use/land cover change in the Brazilian Amazon,https://link.springer.com/content/pdf/10.1007/s11111-007-0040-y.pdf,Theories Underlying the Study of Human-Environmenta Interactions,https://books.google.com/books?hl=en&lr=&id=rkplSGlHJmwC&oi=fnd&pg=PA23&dq=info:dYXZktdAhpUJ:scholar.google.com&ots=fPv6O7khoo&sig=TKdNE3zfkJOiKchUo71n03I0M4w#v=onepage&q&f=false
"Vargha, Lili",https://www.demografia.hu/en/staff-vargha-lili,"Family, social demography",The Quantity‐Quality Tradeoff: A Cross‐Country Comparison of Market and Nonmarket Investments per Child in Relation to Fertility,https://onlinelibrary.wiley.com/doi/abs/10.1111/padr.12245?af=R&utm_campaign=Feed%3A+PopulationAndDevelopmentReview+%28Population+and+Development+Review%29&utm_medium=feed&utm_source=feedburner,Household production and consumption over the life cycle: National Time Transfer Accounts in 14 European countries,https://www.demographic-research.org/volumes/vol36/32/default.htm
"Vasconcelos, Ana Maria Nogales",https://orcid.org/0000-0001-7589-107X,"Migration, environment, economic demography",Heterogeneity among Young People Neither in Employment Nor in Education in Brazil,https://journals.sagepub.com/doi/full/10.1177/0002716220913234,Causes of death among people living with HIV/AIDS in Brazil,https://www.sciencedirect.com/science/article/pii/S1413867010701124
"Vierboom, Yana",https://www.demogr.mpg.de/en/about_us_6113/staff_directory_1899/yana_catherine_vierboom_3786/,"Mortality, health, aging, biodemography","Trends in Alcohol-Related Mortality by Educational Attainment in the U.S., 2000–2017",https://link.springer.com/article/10.1007%2Fs11113-019-09527-0,The contribution of differences in adiposity to educational disparities in mortality in the United States,https://www.ncbi.nlm.nih.gov/pmc/articles/PMC5759347/
"Visaria, Leela",http://gidr.ac.in/faculty/24,Fertility,Abortion in India: Ground Reality,https://books.google.ca/books/about/Abortion_in_India.html?id=E5IEAQAAIAAJ&redir_esc=y,Abortion in India: Emerging Issues from Qualitative Studies,https://www.jstor.org/stable/4415809?seq=1#metadata_info_tab_contents
"Vitali, Agnese",https://webapps.unitn.it/du/en/Persona/PER0212776/Curriculum,Fertility,Preference theory and low fertility: A comparative perspective,https://link.springer.com/content/pdf/10.1007/s10680-009-9178-x.pdf,Youth prospects in a time of economic recession,https://www.jstor.org/stable/26348180?seq=1#metadata_info_tab_contents
"Wajnman, Simone",https://geesc.cedeplar.ufmg.br/integrantes/simone-wajnman/,"Migration, environment, economic demography",The motherhood penalty: participation in the labor market and job quality of women with children,https://www.scielo.br/scielo.php?pid=S0102-30982019000100159&script=sci_abstract,From the causes to the economic consequences of the demographic transition in Brazil,https://www.researchgate.net/publication/262700193_From_the_causes_to_the_economic_consequences_of_the_demographic_transition_in_Brazil
"Watkins, Susan",https://ccpr.ucla.edu/watkins/,"Family, social demography","If all we knew about women was what we read in Demography, what would we know?",https://link.springer.com/article/10.2307/2061806,Demographic Foundations of Family Change,https://www.jstor.org/stable/2095354?seq=1#metadata_info_tab_contents
"Weisshaar, Kate",http://www.kateweisshaar.com/,"Family, social demography",Labor Force Participation Over the Life Course: The Long-Term Effects of Employment Trajectories on Wages and the Gender Wage Gap,https://pubmed.ncbi.nlm.nih.gov/31997232/,Publish and Perish? An Assessment of Gender Gaps in Promotion to Tenure in Academia,https://academic.oup.com/sf/article/96/2/529/3897008?guestAccessKey=edcee817-fdf5-4dbf-ad07-5ca46818a6c7
"Wong, Laura Lidia Rodríguez",http://somos.ufmg.br/professor/laura-lidia-rodriguez-wong,"Mortality, health, aging, biodemography",The rapid process of aging in Brazil: serious challenges for public policies,https://www.scielo.br/scielo.php?pid=S0102-30982006000100002&script=sci_abstract,Evidences of further decline of fertility in Latina America: Reproductive behavior and some thoughts on the consequences on the age structure,https://iussp2009.princeton.edu/papers/93516
"Wong, Rebeca",https://www.utmb.edu/scoa/membership/rebeca-wong,"Migration, environment, economic demography",Cohort Profile: The Mexican Health and Aging Study (MHAS),MHAS]https://doi.org/10.1093/ije/dyu263,Wealth in middle and old age in Mexico: The role of international migration,https://doi.org/10.1111/j.1747-7379.2007.00059.x
"Wright, Laura",https://artsandscience.usask.ca/profile/LWright#/profile,"Family, social demography",Union Transitions and Fertility within First Premarital Cohahitations in Canada: Diverging Trends by Education,https://crdcn.org/union-transitions-and-fertility-within-first-premarital-cohabitations-canada-diverging-patterns,Healthy Grandparenthood: How long is it and how has it Changed?,https://www.niussp.org/article/healthy-grandparenthood-how-long-is-it-and-how-has-it-changed/
"Wrigley-Field, Elizabeth",https://www.ssc.wisc.edu/~efield/,"Mathematical, statistical, digital demography, population projection",Mortality deceleration and mortality selection: Three unexpected implications of a simple model,https://link.springer.com/content/pdf/10.1007/s13524-013-0256-7.pdf,Multidimensional Mortality Selection: Why Individual Dimensions of Frailty Don’t Act Like Frailty,https://link.springer.com/content/pdf/10.1007/s13524-020-00858-8.pdf
"Yi, Youngmin",https://www.human.cornell.edu/people/yy567,"Family, social demography","Leaving Home, Entering Institutions: Implications for Home-Leaving in the Transition to Adulthood",https://onlinelibrary.wiley.com/doi/abs/10.1111/jomf.12616,Can Foster Care Interventions Diminish Justice System Inequality?,https://futureofchildren.princeton.edu/sites/futureofchildren/files/media/foc_vol_28.1_reducing_justice_compiled_5-1_0.pdf
"Yildiz, Dilek",http://www.wittgensteincentre.org/en/staff/member/yildiz.htm,"Mathematical, statistical, digital demography, population projection",Estimating population counts with capture-recapture models in the context of erroneous records in linked administrative data,https://www.oeaw.ac.at/fileadmin/subsites/Institute/VID/PDF/Publications/Working_Papers/WP2017_15.pdf,Using Twitter data for demographic research,https://www.demographic-research.org/volumes/vol37/46/
"Zang, Emma",http://www.emmazang.net/,"Mortality, health, aging, biodemography",Recent trends in US mortality in early and middle adulthood: racial/ethnic disparities in inter-cohort patterns,https://academic.oup.com/ije/article-abstract/48/3/934/5224527,Frustrated achievers or satisfied losers? Inter-and intragenerational social mobility and happiness in China,https://www.sociologicalscience.com/download/vol-3/september/SocSci_v3_779to800.pdf
"Zarulli, Virginia",https://portal.findresearcher.sdu.dk/en/persons/vzarulli,"Mortality, health, aging, biodemography",Women live longer than men even during severe famines and epidemics,https://www.pnas.org/content/115/4/E832?xid=PS_smithsonian,Mortality by education level at late-adult ages in Turin: a survival analysis using frailty models with period and cohort approaches ,https://bmjopen.bmj.com/content/3/7/e002841.short
"Zhang, Junni",https://www.bayesiandemography.com/people,"Mathematical, statistical, digital demography, population projection",Likelihood-Based Analysis of Causal Effects of Job-Training Programs Using Principal Stratification,https://doi.org/10.1198/jasa.2009.0012,Fully Bayesian Benchmarking of Small Area Estimation Models,https://doi.org/10.2478/JOS-2020-0010
"Zlotnik, Hania",https://www.un.org/en/development/desa/newsletter/desanews/cg/2012/02/index.html,"Migration, environment, economic demography",International migration 1965-96: An overview,https://doi.org/10.2307/2808151,The use of hypothetical cohorts in estimating demographic parameters under conditions of changing fertility and mortality,https://doi.org/10.2307/2061052
"Brown, Susan",https://www.bgsu.edu/arts-and-sciences/sociology/people/susan-l-brown.html,"Family, social demography","Marriage, Cohabitation, and Divorce in Later Life ",https://academic.oup.com/innovateage/article/1/2/igx015/4157719,Families in America,https://www.ucpress.edu/book/9780520285897/families-in-america